{
    "critiques": {
        "689": {
            "rubric_items": {
                "5531": {
                    "result": "failed",
                    "observation": "  Your code completed 0 test cases. The last test case executed was:\n{\"E3\": \"25689\", \"C5\": \"2\", \"C7\": \"13456\", \"C9\": \"13456\", \"G4\": \"23678\", \"A8\": \"2346\", \"E6\": \"23568\", \"G8\": \"1234567\", \"B7\": \"7\", \"I2\": \"123568\", \"H4\": \"1\", \"A1\": \"2468\", \"D1\": \"123689\", \"I7\": \"9\", \"D7\": \"123568\", \"D4\": \"23678\", \"F2\": \"7\", \"C2\": \"68\", \"G2\": \"123568\", \"E7\": \"1234568\", \"G1\": \"1234678\", \"G6\": \"9\", \"A5\": \"3468\", \"C8\": \"13456\", \"B6\": \"1\", \"G5\": \"35678\", \"A7\": \"2346\", \"H7\": \"234568\", \"B5\": \"46\", \"I5\": \"35678\", \"I4\": \"23678\", \"D2\": \"4\", \"I9\": \"1235678\", \"E2\": \"123568\", \"E5\": \"13456789\", \"H3\": \"2456789\", \"I6\": \"4\", \"C1\": \"4678\", \"E9\": \"12345678\", \"A3\": \"1\", \"C6\": \"368\", \"H5\": \"35678\", \"B2\": \"2\", \"F4\": \"23468\", \"F9\": \"1234568\", \"H1\": \"2346789\", \"B8\": \"8\", \"B3\": \"3\", \"F3\": \"25689\", \"F6\": \"23568\", \"G3\": \"245678\", \"A4\": \"5\", \"A2\": \"9\", \"C3\": \"4678\", \"D5\": \"1356789\", \"H9\": \"2345678\", \"D3\": \"25689\", \"G9\": \"12345678\", \"G7\": \"1234568\", \"F1\": \"123689\", \"H8\": \"234567\", \"D9\": \"1235678\", \"F7\": \"1234568\", \"C4\": \"9\", \"I3\": \"25678\", \"E8\": \"12345679\", \"I1\": \"123678\", \"B9\": \"9\", \"F5\": \"1345689\", \"B1\": \"5\", \"A9\": \"2346\", \"D6\": \"23568\", \"I8\": \"123567\", \"A6\": \"7\", \"E4\": \"234678\", \"H6\": \"23568\", \"B4\": \"46\", \"D8\": \"1235679\", \"F8\": \"1234569\", \"H2\": \"23568\", \"E1\": \"123689\"}"
                },
                "5530": {
                    "result": "failed",
                    "observation": "  Your code completed 0 test cases. The last test case executed was:\n9.1....8.8.5.7..4.2.4....6...7......5..............83.3..6......9................\n"
                }
            }
        }
    }
}